{
  "10_1": {
    "total_time": 0.47500640019970886,
    "avg_comm": 0.00015049779758555815,
    "avg_comp": 0.00019178140282747336,
    "total_bytes": 0.0,
    "iterations": 1.4,
    "time_std": 0.6216867878830006
  },
  "10_2": {
    "total_time": 0.17472104180051246,
    "avg_comm": 0.00027396859986765775,
    "avg_comp": 0.00022988710061326855,
    "total_bytes": 388.8,
    "iterations": 2.8,
    "time_std": 0.01967453258558057
  },
  "10_4": {
    "total_time": 0.21752435300004436,
    "avg_comm": 0.00040883490055421134,
    "avg_comp": 0.0002774734492959396,
    "total_bytes": 696.0,
    "iterations": 3.2,
    "time_std": 0.0026789571803114602
  },
  "10_8": {
    "total_time": 0.27065233119974436,
    "avg_comm": 0.0017557079747803073,
    "avg_comp": 0.0003133360500214621,
    "total_bytes": 1008.0,
    "iterations": 3.8,
    "time_std": 0.007655987930007278
  },
  "100_1": {
    "total_time": 0.16412163459972362,
    "avg_comm": 0.00021354739801608956,
    "avg_comp": 0.0012679378018219723,
    "total_bytes": 0.0,
    "iterations": 3.2,
    "time_std": 0.0003097627418441132
  },
  "100_2": {
    "total_time": 0.18612211200015735,
    "avg_comm": 0.00035910110054828694,
    "avg_comp": 0.0006743233996530762,
    "total_bytes": 4470.4,
    "iterations": 4.4,
    "time_std": 0.024472808014116415
  },
  "100_4": {
    "total_time": 0.22042442240017407,
    "avg_comm": 0.00051899454992963,
    "avg_comp": 0.0005469190999974671,
    "total_bytes": 8107.2,
    "iterations": 4.6,
    "time_std": 0.0025556105936904673
  },
  "100_8": {
    "total_time": 0.280477616799908,
    "avg_comm": 0.0019336330004080082,
    "avg_comp": 0.0005826852745030919,
    "total_bytes": 11145.6,
    "iterations": 5.0,
    "time_std": 0.018148819599854298
  },
  "1000_1": {
    "total_time": 0.16450166320028076,
    "avg_comm": 0.00038935099946684203,
    "avg_comp": 0.015361161799955881,
    "total_bytes": 0.0,
    "iterations": 5.4,
    "time_std": 0.0004912814849039554
  },
  "1000_2": {
    "total_time": 0.2154744240000582,
    "avg_comm": 0.0007158796988733229,
    "avg_comp": 0.006126512300943432,
    "total_bytes": 52611.2,
    "iterations": 5.8,
    "time_std": 0.0012056257614309579
  },
  "1000_4": {
    "total_time": 0.21657221999994364,
    "avg_comm": 0.0010449178503222356,
    "avg_comp": 0.0038257702996816077,
    "total_bytes": 102260.8,
    "iterations": 6.4,
    "time_std": 0.0007679530075044456
  },
  "1000_8": {
    "total_time": 0.2881615653994231,
    "avg_comm": 0.003182444524099992,
    "avg_comp": 0.002568610200751209,
    "total_bytes": 130913.6,
    "iterations": 6.4,
    "time_std": 0.024419329288140414
  },
  "10000_1": {
    "total_time": 0.3145634008003981,
    "avg_comm": 0.0017632857998250984,
    "avg_comp": 0.15142421680029655,
    "total_bytes": 0.0,
    "iterations": 7.6,
    "time_std": 0.00022382669563475466
  },
  "10000_2": {
    "total_time": 0.27604084640006477,
    "avg_comm": 0.0050660839004194715,
    "avg_comp": 0.08308263309936592,
    "total_bytes": 665667.2,
    "iterations": 8.0,
    "time_std": 0.020640979576344084
  },
  "10000_4": {
    "total_time": 0.26750302980035484,
    "avg_comm": 0.004995911800324393,
    "avg_comp": 0.04732518694963801,
    "total_bytes": 1237923.2,
    "iterations": 8.2,
    "time_std": 0.0011986551101500398
  },
  "10000_8": {
    "total_time": 0.3107408941996255,
    "avg_comm": 0.007134860899213891,
    "avg_comp": 0.027444228050717355,
    "total_bytes": 1623585.6,
    "iterations": 8.4,
    "time_std": 0.018450254321583717
  },
  "100000_1": {
    "total_time": 1.9375702585999535,
    "avg_comm": 0.011897662797491649,
    "avg_comp": 1.7608446510024804,
    "total_bytes": 0.0,
    "iterations": 9.4,
    "time_std": 0.12871076229207537
  },
  "100000_2": {
    "total_time": 1.9994070573997305,
    "avg_comm": 0.0622546867993151,
    "avg_comp": 1.0201717376005035,
    "total_bytes": 7783652.8,
    "iterations": 9.8,
    "time_std": 0.8444022025413092
  },
  "100000_4": {
    "total_time": 0.9472685468001145,
    "avg_comm": 0.057770918200276355,
    "avg_comp": 0.6467224947996328,
    "total_bytes": 15193878.4,
    "iterations": 10.6,
    "time_std": 0.02485821810645445
  },
  "100000_8": {
    "total_time": 0.7286293742003181,
    "avg_comm": 0.052238515249882767,
    "avg_comp": 0.37553294467497833,
    "total_bytes": 19914249.6,
    "iterations": 10.8,
    "time_std": 0.019392409564256228
  },
  "1000000_1": {
    "total_time": 20.271241958400424,
    "avg_comm": 0.11130066639962025,
    "avg_comp": 19.82796906440053,
    "total_bytes": 0.0,
    "iterations": 10.8,
    "time_std": 0.9112361626813698
  },
  "1000000_2": {
    "total_time": 15.1604988365998,
    "avg_comm": 0.7373774063991732,
    "avg_comp": 12.479457718100821,
    "total_bytes": 84338145.6,
    "iterations": 10.8,
    "time_std": 0.48705963866836655
  },
  "1000000_4": {
    "total_time": 9.407553515799737,
    "avg_comm": 0.6357907977998366,
    "avg_comp": 8.263045291900017,
    "total_bytes": 159404409.6,
    "iterations": 11.2,
    "time_std": 0.43981534424391583
  },
  "1000000_8": {
    "total_time": 7.8575998612002875,
    "avg_comm": 0.524858113649725,
    "avg_comp": 5.182950174175312,
    "total_bytes": 205727688.0,
    "iterations": 11.2,
    "time_std": 0.32026216204115543
  }
}