{"rank": 4, "total_time": 5.522494246999486, "comm_time": 0.4557134180013236, "comp_time": 5.066780828998162, "phases": {"scan": {"comm": 0.07112493200111203, "comp": 0.27808264899977075, "calls": 0}, "propagate": {"comm": 0.38458848600021156, "comp": 4.646592790997602, "calls": 12}}, "msg_stats": {"sent_count": 0, "sent_bytes": 25324968, "recv_count": 0, "recv_bytes": 25338424}, "iterations": 11}