{"rank": 1, "total_time": 5.521948106999844, "comm_time": 0.24640046000422444, "comp_time": 5.275547646995619, "phases": {"scan": {"comm": 0.0908401810011128, "comp": 0.2585587809990102, "calls": 0}, "propagate": {"comm": 0.15556027900311165, "comp": 4.8825871589979215, "calls": 12}}, "msg_stats": {"sent_count": 0, "sent_bytes": 25341144, "recv_count": 0, "recv_bytes": 25341504}, "iterations": 11}