{"rank": 6, "total_time": 5.523008397000012, "comm_time": 0.6550764059993526, "comp_time": 4.86793199100066, "phases": {"scan": {"comm": 0.064879858000495, "comp": 0.2854643959999521, "calls": 0}, "propagate": {"comm": 0.5901965479988576, "comp": 4.4386358150040905, "calls": 12}}, "msg_stats": {"sent_count": 0, "sent_bytes": 25332120, "recv_count": 0, "recv_bytes": 25328464}, "iterations": 11}