{"rank": 0, "total_time": 5.521614549001242, "comm_time": 0.2697191940005723, "comp_time": 5.25189535500067, "phases": {"scan": {"comm": 0.10200222599996778, "comp": 0.24736655000015162, "calls": 0}, "propagate": {"comm": 0.16771696800060454, "comp": 4.881987831000515, "calls": 12}}, "msg_stats": {"sent_count": 0, "sent_bytes": 25349136, "recv_count": 0, "recv_bytes": 25336864}, "iterations": 11}