{"rank": 3, "total_time": 5.523271202000615, "comm_time": 0.3616274890009663, "comp_time": 5.161643712999648, "phases": {"scan": {"comm": 0.07822500800102716, "comp": 0.2708342139994784, "calls": 0}, "propagate": {"comm": 0.28340248099993914, "comp": 4.746250765994773, "calls": 12}}, "msg_stats": {"sent_count": 0, "sent_bytes": 25325536, "recv_count": 0, "recv_bytes": 25354856}, "iterations": 11}