{"rank": 7, "total_time": 5.523382462000882, "comm_time": 0.7459505499973602, "comp_time": 4.777431912003522, "phases": {"scan": {"comm": 0.06178746799923829, "comp": 0.2880714109996916, "calls": 0}, "propagate": {"comm": 0.6841630819981219, "comp": 4.352377601999251, "calls": 12}}, "msg_stats": {"sent_count": 0, "sent_bytes": 25336320, "recv_count": 0, "recv_bytes": 25333608}, "iterations": 11}