{"rank": 5, "total_time": 5.522016898001311, "comm_time": 0.6279128400019545, "comp_time": 4.894104057999357, "phases": {"scan": {"comm": 0.06834399899889831, "comp": 0.28078565600117145, "calls": 0}, "propagate": {"comm": 0.5595688410030561, "comp": 4.484507732997372, "calls": 12}}, "msg_stats": {"sent_count": 0, "sent_bytes": 25357456, "recv_count": 0, "recv_bytes": 25338520}, "iterations": 11}