{"rank": 2, "total_time": 5.522198971000762, "comm_time": 0.33485770899824274, "comp_time": 5.187341262002519, "phases": {"scan": {"comm": 0.08704605899947637, "comp": 0.262110075000237, "calls": 0}, "propagate": {"comm": 0.24781164999876637, "comp": 4.789779228000043, "calls": 12}}, "msg_stats": {"sent_count": 0, "sent_bytes": 25317872, "recv_count": 0, "recv_bytes": 25312312}, "iterations": 11}